stage,scenario,mean_routing_accuracy,trained_task,chance_accuracy
1,RNT,100.0,rgbnt201,100.0
1,R,100.0,rgbnt201,100.0
1,N,100.0,rgbnt201,100.0
1,T,100.0,rgbnt201,100.0
2,RNT,94.05836761,market_mm,50.0
2,R,67.04545468,market_mm,50.0
2,N,86.68370843,market_mm,50.0
2,T,84.53835547,market_mm,50.0
3,RNT,96.03891174,rgbnt100,33.333333333333336
3,R,78.03030312,rgbnt100,33.333333333333336
3,N,91.12247228666666,rgbnt100,33.333333333333336
3,T,89.69223698,rgbnt100,33.333333333333336
4,RNT,80.57918623,msvr310,25.0
4,R,67.44375005250001,msvr310,25.0
4,N,69.63979694950001,msvr310,25.0
4,T,76.14913434,msvr310,25.0
5,RNT,79.80459094,wmveid863,20.0
5,R,58.67450893,wmveid863,20.0
5,N,66.0608145232,wmveid863,20.0
5,T,71.59655451799999,wmveid863,20.0
