stage,trained_task,eval_task,scenario,routing_accuracy
5,wmveid863,rgbnt201,RNT,88.27751279
5,wmveid863,rgbnt201,R,34.09090936
5,wmveid863,rgbnt201,N,96.17224932
5,wmveid863,rgbnt201,T,82.4162662
5,wmveid863,market_mm,RNT,99.83922243
5,wmveid863,market_mm,R,100.0
5,wmveid863,market_mm,N,77.19516754
5,wmveid863,market_mm,T,86.66044474
5,wmveid863,rgbnt100,RNT,34.96598601
5,wmveid863,rgbnt100,R,40.57337344
5,wmveid863,rgbnt100,N,2.983479016
5,wmveid863,rgbnt100,T,74.45092201
5,wmveid863,msvr310,RNT,80.6804359
5,wmveid863,msvr310,R,81.10570908
5,wmveid863,msvr310,N,90.09720683
5,wmveid863,msvr310,T,28.12879682
5,wmveid863,wmveid863,RNT,95.25979757
5,wmveid863,wmveid863,R,37.60255277
5,wmveid863,wmveid863,N,63.85596991
5,wmveid863,wmveid863,T,86.32634282
