stage,trained_task,scenario,forgetting_mAP,forgetting_R1,forgetting_R5,forgetting_R10
1,rgbnt201,RNT,0.0,0.0,0.0,0.0
1,rgbnt201,R,0.0,0.0,0.0,0.0
1,rgbnt201,N,0.0,0.0,0.0,0.0
1,rgbnt201,T,0.0,0.0,0.0,0.0
2,market_mm,RNT,7.503424713,3.947371244,3.229665756,2.63158083
2,market_mm,R,19.00163749,13.63636404,11.24401987,12.44018972
2,market_mm,N,-0.317923132,-0.956937671,-1.435407996,-1.674643159
2,market_mm,T,8.978961441,4.306221008,8.612436056,8.492821455
3,rgbnt100,RNT,3.751712356,1.973685622,1.614832878,1.315790415
3,rgbnt100,R,9.500818745,6.818182021,5.622009933,6.22009486
3,rgbnt100,N,0.0,0.0,0.0,0.0
3,rgbnt100,T,4.48948072,2.153110504,4.306218028,4.246410728
4,msvr310,RNT,9.506449212,0.771572193,0.610083342,0.449593862
4,msvr310,R,8.379203505,2.193658054,1.784935594,2.514075239
4,msvr310,N,-8.878251219,-7.949465513,-7.63848424,-7.094266017
4,msvr310,T,3.615183494,1.454844077,3.065174818,3.064177434
5,wmveid863,RNT,5.781236436,0.0550583,0.075422227,-0.101822615
5,wmveid863,R,6.347043485,3.010940924,2.615507692,2.876541764
5,wmveid863,N,0.267207602,-0.415585935,-0.316406786,-0.396718085
5,wmveid863,T,2.548336877,-2.870675176,-1.27363354,-1.630228758
