sample_index,id,modality,tsne_x_raw,tsne_y_raw,x_display,y_display
0,ID 1,R,4.148013591766357,2.882534980773926,4.148013591766357,2.882534980773926
1,ID 1,R,8.284679412841797,4.7047882080078125,8.284679412841797,4.7047882080078125
2,ID 1,R,5.352985858917236,3.8942010402679443,5.352985858917236,3.8942010402679443
3,ID 1,R,-3.800291061401367,5.661073684692383,-3.800291061401367,5.661073684692383
4,ID 1,R,2.0643370151519775,-0.3911166489124298,2.0643370151519775,-0.3911166489124298
5,ID 1,R,5.829094886779785,-8.682343482971191,5.829094886779785,-8.682343482971191
6,ID 1,R,2.2505576610565186,2.617827892303467,2.2505576610565186,2.617827892303467
7,ID 1,R,7.246779918670654,2.722209930419922,7.246779918670654,2.722209930419922
8,ID 1,N,6.348750114440918,2.796273708343506,6.348750114440918,2.796273708343506
9,ID 1,N,6.151088237762451,5.910896301269531,6.151088237762451,5.910896301269531
10,ID 1,N,7.275522232055664,4.170093536376953,7.275522232055664,4.170093536376953
11,ID 1,N,2.091219663619995,5.637165069580078,2.091219663619995,5.637165069580078
12,ID 1,N,6.199543476104736,6.164557933807373,6.199543476104736,6.164557933807373
13,ID 1,N,5.4453630447387695,4.340561866760254,5.4453630447387695,4.340561866760254
14,ID 1,N,3.9412643909454346,6.493307113647461,3.9412643909454346,6.493307113647461
15,ID 1,N,3.507199764251709,4.31996488571167,3.507199764251709,4.31996488571167
16,ID 1,T,3.4313557147979736,5.078104496002197,3.4313557147979736,5.078104496002197
17,ID 1,T,5.773418426513672,2.1983513832092285,5.773418426513672,2.1983513832092285
18,ID 1,T,4.804403305053711,1.9026728868484497,4.804403305053711,1.9026728868484497
19,ID 1,T,3.6005640029907227,1.813657283782959,3.6005640029907227,1.813657283782959
20,ID 1,T,3.1869924068450928,4.683390140533447,3.1869924068450928,4.683390140533447
21,ID 1,T,2.576587200164795,-0.8125814199447632,2.576587200164795,-0.8125814199447632
22,ID 1,T,4.513393402099609,4.476840019226074,4.513393402099609,4.476840019226074
23,ID 1,T,4.960195064544678,4.294636249542236,4.960195064544678,4.294636249542236
24,ID 2,R,-11.138941764831543,-0.259285569190979,-11.138941764831543,-0.259285569190979
25,ID 2,R,-8.747533798217773,-2.401948928833008,-8.747533798217773,-2.401948928833008
26,ID 2,R,-11.014585494995117,0.6903538107872009,-11.014585494995117,0.6903538107872009
27,ID 2,R,-7.431824207305908,1.4836128950119019,-7.431824207305908,1.4836128950119019
28,ID 2,R,-9.384675979614258,-3.8736090660095215,-9.384675979614258,-3.8736090660095215
29,ID 2,R,-6.759771823883057,-5.79641580581665,-6.759771823883057,-5.79641580581665
30,ID 2,R,0.32139280438423157,-1.1468009948730469,0.32139280438423157,-1.1468009948730469
31,ID 2,R,-8.286051750183105,-1.739436149597168,-8.286051750183105,-1.739436149597168
32,ID 2,N,-8.840032577514648,1.1999260187149048,-8.840032577514648,1.1999260187149048
33,ID 2,N,-1.4135429859161377,4.663772106170654,-1.4135429859161377,4.663772106170654
34,ID 2,N,-5.850971698760986,-2.800650119781494,-5.850971698760986,-2.800650119781494
35,ID 2,N,-8.214845657348633,7.552555561065674,-8.214845657348633,7.552555561065674
36,ID 2,N,-11.404913902282715,-2.7907052040100098,-11.404913902282715,-2.7907052040100098
37,ID 2,N,-7.4140167236328125,-2.6180496215820312,-7.4140167236328125,-2.6180496215820312
38,ID 2,N,-6.884522438049316,-3.658639907836914,-6.884522438049316,-3.658639907836914
39,ID 2,N,-9.3521146774292,-6.227466583251953,-9.3521146774292,-6.227466583251953
40,ID 2,T,-8.126336097717285,-4.464463710784912,-8.126336097717285,-4.464463710784912
41,ID 2,T,-6.8042521476745605,-3.055055856704712,-6.8042521476745605,-3.055055856704712
42,ID 2,T,-6.2318034172058105,-2.659456729888916,-6.2318034172058105,-2.659456729888916
43,ID 2,T,-8.90882396697998,-0.6497247219085693,-8.90882396697998,-0.6497247219085693
44,ID 2,T,-7.902342319488525,0.3118284344673157,-7.902342319488525,0.3118284344673157
45,ID 2,T,-9.02500057220459,-0.906657338142395,-9.02500057220459,-0.906657338142395
46,ID 2,T,-9.090272903442383,-3.029798984527588,-9.090272903442383,-3.029798984527588
47,ID 2,T,-7.710137367248535,-0.3318341374397278,-7.710137367248535,-0.3318341374397278
48,ID 3,R,2.2432291507720947,-5.183248996734619,2.2432291507720947,-5.183248996734619
49,ID 3,R,1.6282545328140259,-3.461588144302368,1.6282545328140259,-3.461588144302368
50,ID 3,R,-1.2202247381210327,-1.912311315536499,-1.2202247381210327,-1.912311315536499
51,ID 3,R,4.676709175109863,0.3529037833213806,4.676709175109863,0.3529037833213806
52,ID 3,R,0.27163198590278625,-3.7022013664245605,0.27163198590278625,-3.7022013664245605
53,ID 3,R,0.7477769255638123,-4.412670612335205,0.7477769255638123,-4.412670612335205
54,ID 3,R,0.4331774413585663,-4.6475982666015625,0.4331774413585663,-4.6475982666015625
55,ID 3,R,4.793654918670654,-1.5379018783569336,4.793654918670654,-1.5379018783569336
56,ID 3,N,2.499297857284546,-4.386575222015381,2.499297857284546,-4.386575222015381
57,ID 3,N,-0.6709282398223877,-4.423269271850586,-0.6709282398223877,-4.423269271850586
58,ID 3,N,5.7946624755859375,1.0503878593444824,5.7946624755859375,1.0503878593444824
59,ID 3,N,2.7817564010620117,-1.5816937685012817,2.7817564010620117,-1.5816937685012817
60,ID 3,N,4.457953453063965,-4.787701606750488,4.457953453063965,-4.787701606750488
61,ID 3,N,0.3821716010570526,3.551053285598755,0.3821716010570526,3.551053285598755
62,ID 3,N,-0.8410099744796753,4.5244460105896,-0.8410099744796753,4.5244460105896
63,ID 3,N,-0.9054259061813354,-7.131927013397217,-0.9054259061813354,-7.131927013397217
64,ID 3,T,8.858154296875,0.9292733073234558,8.858154296875,0.9292733073234558
65,ID 3,T,0.24177154898643494,-2.0384442806243896,0.24177154898643494,-2.0384442806243896
66,ID 3,T,7.7051591873168945,-0.7270860075950623,7.7051591873168945,-0.7270860075950623
67,ID 3,T,4.35707426071167,0.1753431111574173,4.35707426071167,0.1753431111574173
68,ID 3,T,1.2917921543121338,-2.613801956176758,1.2917921543121338,-2.613801956176758
69,ID 3,T,1.0033293962478638,-4.3000359535217285,1.0033293962478638,-4.3000359535217285
70,ID 3,T,0.641403079032898,-5.515329360961914,0.641403079032898,-5.515329360961914
71,ID 3,T,3.1112747192382812,-2.9581387042999268,3.1112747192382812,-2.9581387042999268
72,ID 4,R,-3.2572391033172607,-2.258918046951294,-3.2572391033172607,-2.258918046951294
73,ID 4,R,-1.0656272172927856,-7.227077960968018,-1.0656272172927856,-7.227077960968018
74,ID 4,R,-3.466852903366089,-8.731925964355469,-3.466852903366089,-8.731925964355469
75,ID 4,R,-2.221339225769043,-4.190155506134033,-2.221339225769043,-4.190155506134033
76,ID 4,R,-3.462782144546509,-8.765875816345215,-3.462782144546509,-8.765875816345215
77,ID 4,R,-1.975734829902649,-2.419820785522461,-1.975734829902649,-2.419820785522461
78,ID 4,R,1.9731923341751099,1.3946213722229004,1.9731923341751099,1.3946213722229004
79,ID 4,R,3.0071895122528076,-2.4568023681640625,3.0071895122528076,-2.4568023681640625
80,ID 4,N,-3.287595510482788,-4.589405059814453,-3.287595510482788,-4.589405059814453
81,ID 4,N,-4.501412868499756,-3.3424232006073,-4.501412868499756,-3.3424232006073
82,ID 4,N,-4.772641181945801,-6.4389142990112305,-4.772641181945801,-6.4389142990112305
83,ID 4,N,-5.293413162231445,-3.5788562297821045,-5.293413162231445,-3.5788562297821045
84,ID 4,N,-3.4363386631011963,-1.4689054489135742,-3.4363386631011963,-1.4689054489135742
85,ID 4,N,-4.761603832244873,-6.643589973449707,-4.761603832244873,-6.643589973449707
86,ID 4,N,-5.827783107757568,-5.699598789215088,-5.827783107757568,-5.699598789215088
87,ID 4,N,1.5117969512939453,-7.250923156738281,1.5117969512939453,-7.250923156738281
88,ID 4,T,-3.535367250442505,-4.038211822509766,-3.535367250442505,-4.038211822509766
89,ID 4,T,0.831146776676178,0.5969910621643066,0.831146776676178,0.5969910621643066
90,ID 4,T,-1.7991986274719238,-0.4739420413970947,-1.7991986274719238,-0.4739420413970947
91,ID 4,T,3.0953071117401123,-3.459826707839966,3.0953071117401123,-3.459826707839966
92,ID 4,T,-3.4132914543151855,-6.562555313110352,-3.4132914543151855,-6.562555313110352
93,ID 4,T,2.0112714767456055,4.0894775390625,2.0112714767456055,4.0894775390625
94,ID 4,T,-2.6558103561401367,-6.415232181549072,-2.6558103561401367,-6.415232181549072
95,ID 4,T,1.80863618850708,1.893844485282898,1.80863618850708,1.893844485282898
96,ID 5,R,-2.8675336837768555,7.518151760101318,-2.8675336837768555,7.518151760101318
97,ID 5,R,-5.026486873626709,8.694816589355469,-5.026486873626709,8.694816589355469
98,ID 5,R,-11.15870189666748,1.043440580368042,-11.15870189666748,1.043440580368042
99,ID 5,R,-2.8493247032165527,8.007957458496094,-2.8493247032165527,8.007957458496094
100,ID 5,R,0.6220481395721436,5.751016616821289,0.6220481395721436,5.751016616821289
101,ID 5,R,2.9042742252349854,6.056192398071289,2.9042742252349854,6.056192398071289
102,ID 5,R,-1.8127323389053345,9.615254402160645,-1.8127323389053345,9.615254402160645
103,ID 5,R,-2.79068922996521,7.1950554847717285,-2.79068922996521,7.1950554847717285
104,ID 5,N,-0.27757003903388977,7.175083637237549,-0.27757003903388977,7.175083637237549
105,ID 5,N,-4.082674980163574,5.244855880737305,-4.082674980163574,5.244855880737305
106,ID 5,N,-0.48463109135627747,8.355639457702637,-0.48463109135627747,8.355639457702637
107,ID 5,N,5.755697727203369,-6.900585651397705,5.755697727203369,-6.900585651397705
108,ID 5,N,-3.1272671222686768,10.459587097167969,-3.1272671222686768,10.459587097167969
109,ID 5,N,-7.019480228424072,-8.780168533325195,-7.019480228424072,-8.780168533325195
110,ID 5,N,-2.1306097507476807,7.04830265045166,-2.1306097507476807,7.04830265045166
111,ID 5,N,-9.447385787963867,3.342966318130493,-9.447385787963867,3.342966318130493
112,ID 5,T,-5.519738674163818,6.2645111083984375,-5.519738674163818,6.2645111083984375
113,ID 5,T,-2.9482622146606445,10.076146125793457,-2.9482622146606445,10.076146125793457
114,ID 5,T,-4.926147937774658,8.639530181884766,-4.926147937774658,8.639530181884766
115,ID 5,T,-3.6417434215545654,8.617067337036133,-3.6417434215545654,8.617067337036133
116,ID 5,T,-5.580102920532227,8.146275520324707,-5.580102920532227,8.146275520324707
117,ID 5,T,-5.914967060089111,6.55939245223999,-5.914967060089111,6.55939245223999
118,ID 5,T,8.486715316772461,4.735125541687012,8.486715316772461,4.735125541687012
119,ID 5,T,-5.584356307983398,9.701906204223633,-5.584356307983398,9.701906204223633
120,ID 6,R,-0.21897290647029877,11.405244827270508,-0.21897290647029877,11.405244827270508
121,ID 6,R,-7.244375228881836,2.9055092334747314,-7.244375228881836,2.9055092334747314
122,ID 6,R,-6.993037700653076,1.8660504817962646,-6.993037700653076,1.8660504817962646
123,ID 6,R,10.550594329833984,-4.335472583770752,10.550594329833984,-4.335472583770752
124,ID 6,R,-1.3354501724243164,-2.3283870220184326,-1.3354501724243164,-2.3283870220184326
125,ID 6,R,0.6845465898513794,5.258498668670654,0.6845465898513794,5.258498668670654
126,ID 6,R,-0.13211867213249207,-1.7859605550765991,-0.13211867213249207,-1.7859605550765991
127,ID 6,R,-8.24679946899414,7.49846076965332,-8.24679946899414,7.49846076965332
128,ID 6,N,-6.704307556152344,4.344455718994141,-6.704307556152344,4.344455718994141
129,ID 6,N,-8.720169067382812,5.330836772918701,-8.720169067382812,5.330836772918701
130,ID 6,N,-9.525992393493652,5.41086483001709,-9.525992393493652,5.41086483001709
131,ID 6,N,-3.9191081523895264,4.776392459869385,-3.9191081523895264,4.776392459869385
132,ID 6,N,-1.588394284248352,0.2925109565258026,-1.588394284248352,0.2925109565258026
133,ID 6,N,-5.189029693603516,2.474628210067749,-5.189029693603516,2.474628210067749
134,ID 6,N,-8.340042114257812,5.487257957458496,-8.340042114257812,5.487257957458496
135,ID 6,N,-7.59432315826416,3.416971445083618,-7.59432315826416,3.416971445083618
136,ID 6,T,-2.0286757946014404,-0.6626667976379395,-2.0286757946014404,-0.6626667976379395
137,ID 6,T,0.9862439632415771,-1.1757423877716064,0.9862439632415771,-1.1757423877716064
138,ID 6,T,-5.918904781341553,4.272023677825928,-5.918904781341553,4.272023677825928
139,ID 6,T,6.779616832733154,-2.3458411693573,6.779616832733154,-2.3458411693573
140,ID 6,T,-5.822699069976807,2.872356414794922,-5.822699069976807,2.872356414794922
141,ID 6,T,-3.3686025142669678,-4.82888650894165,-3.3686025142669678,-4.82888650894165
142,ID 6,T,-0.10211331397294998,-9.425049781799316,-0.10211331397294998,-9.425049781799316
143,ID 6,T,-8.846336364746094,2.6720328330993652,-8.846336364746094,2.6720328330993652
144,ID 7,R,-0.9250428676605225,2.8558056354522705,-0.9250428676605225,2.8558056354522705
145,ID 7,R,-5.6315131187438965,0.6371703147888184,-5.6315131187438965,0.6371703147888184
146,ID 7,R,-5.54367208480835,0.09754648059606552,-5.54367208480835,0.09754648059606552
147,ID 7,R,-4.031113147735596,0.8657194972038269,-4.031113147735596,0.8657194972038269
148,ID 7,R,-3.3344674110412598,-0.3500541150569916,-3.3344674110412598,-0.3500541150569916
149,ID 7,R,6.649277687072754,0.6770387887954712,6.649277687072754,0.6770387887954712
150,ID 7,R,-4.742311954498291,1.6117454767227173,-4.742311954498291,1.6117454767227173
151,ID 7,R,3.6618268489837646,9.21545124053955,3.6618268489837646,9.21545124053955
152,ID 7,N,0.07834575325250626,-0.09956202656030655,0.07834575325250626,-0.09956202656030655
153,ID 7,N,-4.581284999847412,2.542187213897705,-4.581284999847412,2.542187213897705
154,ID 7,N,-4.213261604309082,0.50418621301651,-4.213261604309082,0.50418621301651
155,ID 7,N,-2.5628836154937744,1.46561861038208,-2.5628836154937744,1.46561861038208
156,ID 7,N,-5.082231521606445,-0.27416595816612244,-5.082231521606445,-0.27416595816612244
157,ID 7,N,-2.1942379474639893,1.6003284454345703,-2.1942379474639893,1.6003284454345703
158,ID 7,N,-3.4711084365844727,1.9842255115509033,-3.4711084365844727,1.9842255115509033
159,ID 7,N,-1.1275382041931152,1.493506669998169,-1.1275382041931152,1.493506669998169
160,ID 7,T,-0.06009712442755699,2.2919843196868896,-0.06009712442755699,2.2919843196868896
161,ID 7,T,-0.8535477519035339,1.19447660446167,-0.8535477519035339,1.19447660446167
162,ID 7,T,-2.3142194747924805,2.907667875289917,-2.3142194747924805,2.907667875289917
163,ID 7,T,-0.2169569879770279,0.9887187480926514,-0.2169569879770279,0.9887187480926514
164,ID 7,T,-3.722264051437378,4.068800449371338,-3.722264051437378,4.068800449371338
165,ID 7,T,-2.3122403621673584,3.0784146785736084,-2.3122403621673584,3.0784146785736084
166,ID 7,T,-0.9964762330055237,1.7691246271133423,-0.9964762330055237,1.7691246271133423
167,ID 7,T,2.984588623046875,-9.266898155212402,2.984588623046875,-9.266898155212402
168,ID 8,R,9.021125793457031,-4.966497898101807,9.021125793457031,-4.966497898101807
169,ID 8,R,9.275416374206543,-6.13796854019165,9.275416374206543,-6.13796854019165
170,ID 8,R,7.939883232116699,-3.4481804370880127,7.939883232116699,-3.4481804370880127
171,ID 8,R,7.795012474060059,-5.64917516708374,7.795012474060059,-5.64917516708374
172,ID 8,R,1.1760787963867188,7.340636730194092,1.1760787963867188,7.340636730194092
173,ID 8,R,8.33700180053711,-4.850127696990967,8.33700180053711,-4.850127696990967
174,ID 8,R,7.026226043701172,-4.538130760192871,7.026226043701172,-4.538130760192871
175,ID 8,R,9.858526229858398,-1.526779055595398,9.858526229858398,-1.526779055595398
176,ID 8,N,1.319319248199463,9.254423141479492,1.319319248199463,9.254423141479492
177,ID 8,N,5.757199764251709,-5.260199546813965,5.757199764251709,-5.260199546813965
178,ID 8,N,5.860935688018799,-4.483665943145752,5.860935688018799,-4.483665943145752
179,ID 8,N,0.42949455976486206,-9.735957145690918,0.42949455976486206,-9.735957145690918
180,ID 8,N,8.659881591796875,-3.378401279449463,8.659881591796875,-3.378401279449463
181,ID 8,N,7.276545524597168,-1.610777735710144,7.276545524597168,-1.610777735710144
182,ID 8,N,5.360967636108398,-1.5823405981063843,5.360967636108398,-1.5823405981063843
183,ID 8,N,7.501434326171875,-7.394546985626221,7.501434326171875,-7.394546985626221
184,ID 8,T,4.3497772216796875,-3.0714263916015625,4.3497772216796875,-3.0714263916015625
185,ID 8,T,6.053891658782959,-3.7500064373016357,6.053891658782959,-3.7500064373016357
186,ID 8,T,6.699767589569092,-2.074160099029541,6.699767589569092,-2.074160099029541
187,ID 8,T,7.997323513031006,-5.678943157196045,7.997323513031006,-5.678943157196045
188,ID 8,T,6.523533821105957,-5.882111549377441,6.523533821105957,-5.882111549377441
189,ID 8,T,3.045919179916382,6.014164447784424,3.045919179916382,6.014164447784424
190,ID 8,T,0.42155200242996216,6.625619888305664,0.42155200242996216,6.625619888305664
191,ID 8,T,3.8714370727539062,-7.011627674102783,3.8714370727539062,-7.011627674102783
