experiment,x_label,x_value,is_default,mAP,R1,R5,R10
adapter_rank,16,16,0,57.83124,74.2639,83.6239,86.9602
adapter_rank,32,32,0,57.9909,73.905,82.6015,87.0022
adapter_rank,64,64,1,58.954497,74.375159,82.438935,86.659794
adapter_rank,128,128,0,57.550898,72.157192,81.050179,85.025055
keys_per_modality,1,1,0,58.454386,73.9719,82.453045,86.567252
keys_per_modality,2,2,0,56.80329,71.559837,80.560752,85.119148
keys_per_modality,4,4,1,58.954497,74.375159,82.438935,86.659794
keys_per_modality,8,8,0,58.68698,74.166108,83.398963,86.783791
lse_temperature,0.02,0.02,0,56.427532,71.906126,81.191901,85.551209
lse_temperature,0.05,0.05,0,57.413147,72.887934,82.368339,85.887951
lse_temperature,0.07,0.07,1,58.954497,74.375159,82.438935,86.659794
lse_temperature,0.1,0.1,0,58.371493,73.224961,83.027047,86.676688
