dataset,query,mAP,R1,R5,R10
RGBNT201,RNT,55.78794307,62.91866302,74.04305935,80.38277626
Market-MM,RNT,77.16570451,90.26128054,96.55581713,97.95130491
RGBNT100,RNT,59.46492406,93.52769852,94.16909814,94.98542547
MSVR310,RNT,38.33978981,53.63790393,70.55837512,79.01861072
WMVeID863,RNT,64.01412308,71.53024673,76.86832547,80.96085191
RGBNT201,R,16.48459162,21.53110057,38.03827763,49.88038242
Market-MM,R,77.43947579,89.37054873,96.08076215,97.86223173
RGBNT100,R,43.67386342,77.25947499,80.34985662,82.33236074
MSVR310,R,32.32734073,46.53130174,63.45177889,71.06599212
WMVeID863,R,18.46479902,21.88612074,33.27402174,37.36654818
RGBNT201,N,21.17586606,16.50717705,38.27751279,51.43540502
Market-MM,N,22.91845298,46.97149694,64.75653052,71.61520123
RGBNT100,N,65.26445529,81.80757761,84.02332067,86.18075848
MSVR310,N,21.95889553,33.84094834,57.52961040,69.37394142
WMVeID863,N,27.14354788,28.82562280,47.33096063,52.31316686
RGBNT201,T,35.27822845,40.07177055,57.05741644,67.10526347
Market-MM,T,17.75812228,36.19358540,58.07601213,66.89429879
RGBNT100,T,34.08701219,66.29737616,73.41107726,77.43440270
MSVR310,T,8.825253385,20.81218213,34.17935669,42.47038960
WMVeID863,T,48.92042195,58.18505287,65.48042893,69.03914809
